1,Chariot,McEntee,cmcentee0@mozilla.org,Genderqueer,36.245.57.150
2,Bern,Foort,bfoort1@alexa.com,Agender,173.172.93.228
3,Chickie,Saintsbury,csaintsbury2@tamu.edu,Female,118.82.195.202
4,Fredia,Plan,fplan3@house.gov,Bigender,32.39.241.111
5,Marieann,Bernardotti,mbernardotti4@theglobeandmail.com,Non-binary,6.25.210.53
6,Adrian,Legg,alegg5@japanpost.jp,Agender,10.174.142.120
7,Nealon,Weddup,nweddup6@wikia.com,Bigender,18.233.180.23
8,Grantham,Huonic,ghuonic7@paypal.com,Male,70.229.173.77
9,Ezequiel,Blurton,eblurton8@mysql.com,Polygender,242.245.188.7
10,Everard,de Clerc,edeclerc9@mtv.com,Polygender,90.208.177.84
11,Silas,Mew,smewa@rambler.ru,Genderfluid,223.164.106.171
12,Casper,Sergant,csergantb@washingtonpost.com,Polygender,57.230.182.98
13,Charline,Bettleson,cbettlesonc@edublogs.org,Non-binary,104.173.200.122
14,Franky,Kinsley,fkinsleyd@quantcast.com,Polygender,103.85.78.162
15,Chet,Limer,climere@artisteer.com,Male,199.239.133.184
16,Marika,Zealey,mzealeyf@cornell.edu,Polygender,71.251.31.192
17,Saidee,Fallow,sfallowg@fotki.com,Male,200.184.206.194
18,Sigrid,Whitaker,swhitakerh@nydailynews.com,Non-binary,68.89.122.87
19,Kesley,Rodenburgh,krodenburghi@blogspot.com,Agender,65.60.46.32
20,Zechariah,Clubbe,zclubbej@oakley.com,Agender,235.184.130.181
21,Clay,Searston,csearstonk@liveinternet.ru,Male,75.80.183.2
22,Toddie,Cosley,tcosleyl@seattletimes.com,Agender,223.145.168.130
23,Salvidor,Vignal,svignalm@earthlink.net,Agender,144.34.20.62
24,Bel,Carette,bcaretten@storify.com,Bigender,250.44.193.162
25,Crista,Slowley,cslowleyo@usnews.com,Genderqueer,123.152.9.71
26,Chantal,Learmont,clearmontp@bing.com,Male,69.146.121.182
27,Dominique,Scyner,dscynerq@jigsy.com,Non-binary,231.83.148.204
28,Ebba,Tappington,etappingtonr@reference.com,Male,52.56.145.168
29,Stuart,Brounsell,sbrounsells@state.gov,Bigender,133.168.197.26
30,Emmy,Fever,efevert@google.com,Genderqueer,86.213.91.108
31,Cordell,Brims,cbrimsu@linkedin.com,Genderfluid,6.163.90.95
32,Annamaria,Stirland,astirlandv@uiuc.edu,Genderqueer,189.116.76.128
33,Clarisse,Seton,csetonw@smh.com.au,Female,18.130.202.21
34,Wanids,Vaughan,wvaughanx@purevolume.com,Genderfluid,75.28.6.245
35,Yovonnda,Stickford,ystickfordy@msu.edu,Non-binary,4.24.248.19
36,Sybyl,Lockless,slocklessz@kickstarter.com,Polygender,17.100.139.117
37,Joyce,Ellerey,jellerey10@tinyurl.com,Female,37.248.128.106
38,Katleen,Diemer,kdiemer11@google.com.hk,Bigender,111.130.182.112
39,Kilian,Rake,krake12@1688.com,Genderqueer,51.103.4.126
40,Martita,Acreman,macreman13@ycombinator.com,Polygender,31.78.103.26
41,Noemi,Costa,ncosta14@zdnet.com,Male,176.218.55.116
42,Currey,Swaffer,cswaffer15@vinaora.com,Non-binary,170.157.93.45
43,Eydie,Giaomozzo,egiaomozzo16@ft.com,Agender,144.89.209.172
44,Justino,Alflat,jalflat17@toplist.cz,Polygender,46.32.93.120
45,Ermin,Mila,emila18@simplemachines.org,Female,232.225.215.84
46,Lexine,Simmonett,lsimmonett19@sbwire.com,Female,196.184.18.238
47,Tobe,Vlach,tvlach1a@who.int,Non-binary,170.255.226.126
48,Sylvia,Mulvenna,smulvenna1b@europa.eu,Genderfluid,54.45.252.183
49,Jan,Asgodby,jasgodby1c@yellowpages.com,Polygender,104.197.23.132
50,Sukey,Sigert,ssigert1d@eventbrite.com,Bigender,19.174.80.2
51,Geralda,Kamena,gkamena1e@stumbleupon.com,Genderqueer,133.153.209.191
52,Debor,Haydn,dhaydn1f@dot.gov,Bigender,249.225.190.99
53,Monah,Brecon,mbrecon1g@cam.ac.uk,Genderfluid,48.164.100.143
54,Car,Coulthard,ccoulthard1h@yolasite.com,Bigender,195.111.49.12
55,Warde,Fowley,wfowley1i@domainmarket.com,Non-binary,186.124.108.108
56,Nydia,Cosby,ncosby1j@zimbio.com,Agender,219.146.111.107
57,Lacy,Leftwich,lleftwich1k@goo.gl,Genderfluid,27.52.26.60
58,Syman,Louys,slouys1l@wikia.com,Polygender,98.181.17.201
59,Margit,Aarons,maarons1m@etsy.com,Female,43.193.94.15
60,Elwira,Whapple,ewhapple1n@blogtalkradio.com,Male,241.49.135.179
61,Forrester,Behninck,fbehninck1o@deviantart.com,Female,200.22.158.149
62,Morgen,Rickett,mrickett1p@nih.gov,Genderqueer,59.249.169.70
63,Karlens,Epsley,kepsley1q@yahoo.com,Genderfluid,195.50.35.228
64,Aurelia,Woolfitt,awoolfitt1r@freewebs.com,Non-binary,111.250.245.41
65,Juliet,Priel,jpriel1s@latimes.com,Bigender,51.183.67.207
66,Linda,Venning,lvenning1t@marketwatch.com,Polygender,135.194.99.149
67,Paxon,Caras,pcaras1u@networksolutions.com,Polygender,102.185.51.75
68,Lurline,Sommerton,lsommerton1v@wisc.edu,Genderqueer,46.194.135.20
69,Roarke,Snow,rsnow1w@woothemes.com,Genderfluid,120.74.221.74
70,Gianina,Dumingos,gdumingos1x@paypal.com,Bigender,19.18.58.165
71,Hyacinthe,Itter,hitter1y@cafepress.com,Genderfluid,254.3.5.34
72,Robinetta,Szantho,rszantho1z@ed.gov,Polygender,57.209.207.37
73,Dan,Kubat,dkubat20@free.fr,Genderqueer,41.253.202.111
74,Brandy,Fieldstone,bfieldstone21@bizjournals.com,Female,222.167.172.150
75,Norina,Marling,nmarling22@google.es,Agender,214.161.205.20
76,Bailie,Denniston,bdenniston23@seesaa.net,Polygender,142.77.3.202
77,Abner,Gretton,agretton24@taobao.com,Polygender,39.172.239.81
78,Corabella,McCreagh,cmccreagh25@odnoklassniki.ru,Genderqueer,180.136.19.148
79,Legra,Chetwin,lchetwin26@slideshare.net,Non-binary,61.144.195.166
80,Lissie,Wurz,lwurz27@jugem.jp,Female,6.118.114.246
81,Filmore,Bugden,fbugden28@infoseek.co.jp,Agender,23.51.50.180
82,Abigale,McNeil,amcneil29@house.gov,Polygender,129.46.43.161
83,Trenna,Gwyer,tgwyer2a@usnews.com,Bigender,117.162.104.94
84,Torrie,Scotford,tscotford2b@tinyurl.com,Polygender,57.231.132.92
85,Valma,Maccaddie,vmaccaddie2c@vistaprint.com,Bigender,4.38.84.135
86,Daryl,Kilmary,dkilmary2d@guardian.co.uk,Genderqueer,99.154.139.248
87,Nero,Pesticcio,npesticcio2e@addthis.com,Non-binary,58.22.121.199
88,Rhianon,Zanre,rzanre2f@usda.gov,Male,86.183.212.24
89,Suzanne,Reekie,sreekie2g@virginia.edu,Non-binary,66.189.102.187
90,Terrence,Sheer,tsheer2h@yandex.ru,Female,110.158.229.202
91,Nelli,Sigert,nsigert2i@samsung.com,Polygender,226.111.160.227
92,Allayne,Conigsby,aconigsby2j@senate.gov,Bigender,16.77.160.11
93,Merrilee,Steddall,msteddall2k@utexas.edu,Genderfluid,197.86.65.119
94,Zoe,Paton,zpaton2l@gnu.org,Non-binary,23.66.122.138
95,Rosco,Delamar,rdelamar2m@cdc.gov,Female,169.212.156.8
96,Bridie,MacTrustey,bmactrustey2n@engadget.com,Genderfluid,102.37.37.171
97,Mervin,Oguz,moguz2o@dion.ne.jp,Agender,28.19.244.214
98,Elicia,Gouldeby,egouldeby2p@reverbnation.com,Polygender,19.27.64.2
99,Winni,Pitkeathley,wpitkeathley2q@state.gov,Male,41.60.64.112
100,Verena,Sloyan,vsloyan2r@craigslist.org,Genderqueer,215.64.177.41
101,Holly,Wallhead,hwallhead2s@virginia.edu,Non-binary,140.52.73.225
102,Maggie,Ingolotti,mingolotti2t@google.de,Agender,18.169.102.66
103,Nonna,Veel,nveel2u@sciencedaily.com,Genderfluid,89.4.202.108
104,Cassy,Spiers,cspiers2v@is.gd,Female,59.219.38.55
105,Daloris,Rillett,drillett2w@zimbio.com,Polygender,232.44.102.208
106,Trula,Vaune,tvaune2x@hao123.com,Male,218.41.0.104
107,Silas,McMichell,smcmichell2y@reference.com,Male,27.73.181.93
108,King,Johnsson,kjohnsson2z@booking.com,Genderqueer,199.123.39.33
109,Myca,Phizacklea,mphizacklea30@phpbb.com,Female,24.82.19.68
110,Claiborn,Janton,cjanton31@fc2.com,Genderqueer,110.59.129.65
111,Eleanor,Jendrusch,ejendrusch32@unicef.org,Agender,97.128.27.234
112,Orland,Mariet,omariet33@constantcontact.com,Genderfluid,155.48.193.199
113,Karoly,Kleinhaut,kkleinhaut34@bluehost.com,Bigender,205.250.144.46
114,Lurlene,Cettell,lcettell35@naver.com,Polygender,74.86.189.115
115,Raimund,Twinn,rtwinn36@mit.edu,Polygender,207.49.209.179
116,Bryn,Foreman,bforeman37@usgs.gov,Female,242.160.226.63
117,Miriam,Tomicki,mtomicki38@miibeian.gov.cn,Female,254.200.47.221
118,Gianni,Engel,gengel39@boston.com,Agender,167.117.60.30
119,Jenica,Hatcliffe,jhatcliffe3a@shutterfly.com,Non-binary,97.255.245.13
120,Hesther,Dedman,hdedman3b@sfgate.com,Non-binary,78.139.118.14
121,Lauri,Brampton,lbrampton3c@dailymotion.com,Genderfluid,82.105.232.98
122,Monti,Sorbey,msorbey3d@hubpages.com,Non-binary,170.121.55.216
123,Jess,Valentinuzzi,jvalentinuzzi3e@cloudflare.com,Genderfluid,29.155.137.201
124,Sharline,Iskow,siskow3f@ycombinator.com,Genderfluid,220.13.156.250
125,Marci,Bonham,mbonham3g@npr.org,Agender,158.34.252.12
126,Harriot,Golding,hgolding3h@t-online.de,Bigender,3.48.191.200
127,Gardy,Luna,gluna3i@mapquest.com,Non-binary,152.212.37.18
128,Olwen,Hardaway,ohardaway3j@who.int,Polygender,99.137.250.114
129,Salvatore,Side,sside3k@vinaora.com,Genderfluid,65.88.227.179
130,Jessey,Oxborrow,joxborrow3l@va.gov,Agender,4.173.125.210
131,Vick,McCrie,vmccrie3m@symantec.com,Agender,155.137.45.144
132,Andrej,Sunock,asunock3n@va.gov,Genderqueer,158.126.238.26
133,Lanette,Collinge,lcollinge3o@tamu.edu,Agender,41.243.197.208
134,Jessa,McGenis,jmcgenis3p@blogspot.com,Non-binary,250.166.243.174
135,Dwight,Jeffries,djeffries3q@loc.gov,Female,158.200.53.205
136,Manda,Isakov,misakov3r@google.co.jp,Agender,69.188.89.147
137,Kerry,Knowles,kknowles3s@digg.com,Bigender,1.186.22.230
138,Mabel,Hardcastle,mhardcastle3t@imageshack.us,Polygender,217.211.192.183
139,Irene,Boyne,iboyne3u@chron.com,Genderfluid,197.193.228.34
140,Tome,Aberdalgy,taberdalgy3v@wiley.com,Genderfluid,104.159.118.126
141,Candis,Crocroft,ccrocroft3w@psu.edu,Genderqueer,68.42.194.155
142,Luise,Howen,lhowen3x@wunderground.com,Male,194.122.95.223
143,Thea,O'Cahill,tocahill3y@paypal.com,Male,50.13.214.234
144,Wald,Baumford,wbaumford3z@tuttocitta.it,Genderfluid,104.166.126.213
145,Chloe,Stitt,cstitt40@sun.com,Genderqueer,70.198.7.198
146,Dee dee,Wolters,dwolters41@t-online.de,Agender,254.32.79.39
147,Wenona,Ivushkin,wivushkin42@princeton.edu,Male,109.161.224.93
148,Kendall,Perch,kperch43@drupal.org,Male,17.14.189.76
149,Elyssa,Espinet,eespinet44@wisc.edu,Male,132.183.134.140
150,Holly,McConville,hmcconville45@state.tx.us,Polygender,205.113.26.194
151,Nady,Grishmanov,ngrishmanov46@51.la,Genderfluid,80.166.28.42
152,Isabelle,Dowtry,idowtry47@pcworld.com,Bigender,153.13.49.120
153,Lutero,MacPhaden,lmacphaden48@xrea.com,Agender,61.229.52.172
154,Tito,Isaksson,tisaksson49@simplemachines.org,Female,23.23.167.156
155,Margarette,Shakesbye,mshakesbye4a@privacy.gov.au,Genderqueer,58.137.9.248
156,Fallon,Chevis,fchevis4b@cpanel.net,Non-binary,235.245.214.7
157,Tory,Cato,tcato4c@ucoz.ru,Male,118.244.155.89
158,Sorcha,Wasteney,swasteney4d@com.com,Male,138.252.232.131
159,Edee,Ockland,eockland4e@deliciousdays.com,Non-binary,213.3.120.190
160,Valentijn,Keyes,vkeyes4f@japanpost.jp,Bigender,11.235.99.167
161,Babara,Broscombe,bbroscombe4g@bbb.org,Genderfluid,30.102.96.240
162,Rabbi,Ianno,rianno4h@rambler.ru,Female,97.171.239.142
163,Aurelia,Maxwaile,amaxwaile4i@facebook.com,Female,73.51.73.77
164,Lawry,Garlette,lgarlette4j@columbia.edu,Female,66.130.40.140
165,Noemi,Benger,nbenger4k@technorati.com,Genderfluid,13.96.54.38
166,Jorge,Caney,jcaney4l@icq.com,Agender,164.38.175.223
167,Jecho,Grinaugh,jgrinaugh4m@posterous.com,Genderqueer,173.180.53.38
168,Reinaldo,Lush,rlush4n@census.gov,Agender,224.46.159.133
169,Hazlett,Sapshed,hsapshed4o@posterous.com,Polygender,122.70.248.111
170,Carmela,Jelley,cjelley4p@tmall.com,Male,22.108.183.187
171,Gillian,Melchior,gmelchior4q@buzzfeed.com,Non-binary,136.0.148.26
172,Ashbey,Pykett,apykett4r@home.pl,Male,44.206.78.159
173,Quinn,Tunstall,qtunstall4s@paginegialle.it,Polygender,86.231.61.8
174,Archambault,Piola,apiola4t@rediff.com,Agender,93.250.19.224
175,Lorraine,MacShirrie,lmacshirrie4u@hp.com,Polygender,129.241.125.82
176,Adorne,Moncur,amoncur4v@surveymonkey.com,Non-binary,231.14.67.71
177,Brita,Saw,bsaw4w@princeton.edu,Bigender,211.118.137.241
178,Mike,Godlonton,mgodlonton4x@state.gov,Male,46.111.163.102
179,Mellie,Greenall,mgreenall4y@sohu.com,Agender,158.199.54.189
180,Cathlene,Isitt,cisitt4z@fotki.com,Bigender,11.29.110.71
181,Ole,Kerton,okerton50@chron.com,Female,1.119.220.111
182,Kipp,Dryden,kdryden51@delicious.com,Male,116.73.182.81
183,Garwood,Connichie,gconnichie52@nbcnews.com,Bigender,253.153.250.163
184,Eileen,Le Marchant,elemarchant53@home.pl,Female,243.146.68.146
185,Fidela,Beat,fbeat54@msu.edu,Non-binary,19.241.111.233
186,Stacee,Annies,sannies55@ustream.tv,Bigender,198.140.232.78
187,Corty,Toulson,ctoulson56@exblog.jp,Agender,206.43.16.81
188,Lyndsie,Philot,lphilot57@house.gov,Female,110.125.39.185
189,Nariko,Panner,npanner58@lulu.com,Bigender,68.124.129.54
190,Jaclyn,Bruckstein,jbruckstein59@hatena.ne.jp,Genderfluid,224.35.237.143
191,Maridel,Smartman,msmartman5a@dropbox.com,Female,191.239.138.9
192,Boony,Self,bself5b@irs.gov,Bigender,203.224.60.219
193,Nichols,Gladbach,ngladbach5c@plala.or.jp,Genderqueer,225.231.215.164
194,Wilbur,Drury,wdrury5d@who.int,Agender,161.82.95.53
195,Fern,Gudgen,fgudgen5e@addthis.com,Polygender,75.122.27.169
196,Charline,Isac,cisac5f@twitpic.com,Bigender,238.202.72.201
197,Justin,Mathan,jmathan5g@comcast.net,Non-binary,87.226.44.222
198,Calvin,Pregal,cpregal5h@nationalgeographic.com,Genderfluid,6.29.222.170
199,Lydia,Pichan,lpichan5i@blogtalkradio.com,Genderqueer,23.23.109.144
200,Wylma,Thirsk,wthirsk5j@purevolume.com,Male,2.162.76.58
201,Vale,Mowat,vmowat5k@msn.com,Bigender,88.119.91.53
202,Ricki,Vermer,rvermer5l@ucla.edu,Polygender,4.179.85.15
203,Frederica,Crosfeld,fcrosfeld5m@ucsd.edu,Female,89.190.225.55
204,Maje,Currin,mcurrin5n@vk.com,Agender,253.189.27.153
205,Ricardo,Bloxsom,rbloxsom5o@uol.com.br,Polygender,19.210.40.177
206,Gerri,Skeffington,gskeffington5p@columbia.edu,Genderqueer,52.233.233.66
207,Timmi,Creamer,tcreamer5q@51.la,Female,53.227.188.242
208,Karlan,Fairfoot,kfairfoot5r@list-manage.com,Female,114.169.41.156
209,Franni,Hinckes,fhinckes5s@mozilla.com,Genderqueer,221.65.136.164
210,Sarajane,Geeritz,sgeeritz5t@uol.com.br,Bigender,231.82.41.210
211,Ralph,Huxton,rhuxton5u@biglobe.ne.jp,Genderqueer,60.21.186.179
212,Francesco,Gaitley,fgaitley5v@discuz.net,Female,74.235.204.63
213,Crissie,Switland,cswitland5w@tinyurl.com,Agender,85.18.68.89
214,Taber,Westoll,twestoll5x@wikispaces.com,Male,172.214.195.21
215,Stanislaw,McCritichie,smccritichie5y@canalblog.com,Agender,244.172.210.173
216,Yolanda,Redford,yredford5z@sina.com.cn,Male,108.247.12.2
217,Helaine,Bendley,hbendley60@virginia.edu,Bigender,46.7.224.94
218,Steffie,Tipling,stipling61@elegantthemes.com,Female,74.118.204.210
219,Rita,Killigrew,rkilligrew62@theglobeandmail.com,Polygender,147.77.151.96
220,Deloris,Piborn,dpiborn63@wp.com,Female,139.130.185.58
221,Kelsi,Probets,kprobets64@bing.com,Agender,167.190.15.25
222,Laural,Heaviside,lheaviside65@spotify.com,Polygender,36.154.17.119
223,Alyse,Kornilov,akornilov66@ifeng.com,Non-binary,36.192.21.180
224,Kale,Quaife,kquaife67@wiley.com,Female,47.155.50.77
225,Meier,Kellet,mkellet68@wix.com,Male,23.97.64.99
226,Tedda,Harbertson,tharbertson69@webeden.co.uk,Bigender,190.157.227.64
227,Caryl,Perrinchief,cperrinchief6a@woothemes.com,Genderqueer,131.205.46.175
228,Kirsteni,Corlett,kcorlett6b@smh.com.au,Agender,129.14.82.238
229,Burke,Orton,borton6c@yale.edu,Polygender,98.66.77.61
230,Kristofer,Bigglestone,kbigglestone6d@redcross.org,Genderfluid,45.152.152.79
231,Rich,Newbury,rnewbury6e@dropbox.com,Polygender,55.120.113.158
232,Wendi,Creak,wcreak6f@pbs.org,Non-binary,102.41.53.104
233,Quintana,Slatcher,qslatcher6g@cnet.com,Genderqueer,30.78.36.198
234,Glory,Bennion,gbennion6h@geocities.jp,Agender,34.50.39.214
235,Gunter,Ruppertz,gruppertz6i@paypal.com,Female,18.216.210.183
236,Cesaro,McLoughlin,cmcloughlin6j@economist.com,Female,16.107.200.222
237,Nelson,D'Abbot-Doyle,ndabbotdoyle6k@epa.gov,Agender,178.156.188.141
238,Grace,Bennison,gbennison6l@china.com.cn,Non-binary,175.91.126.58
239,Ofella,Wipfler,owipfler6m@answers.com,Bigender,217.185.222.135
240,Brynna,Paolucci,bpaolucci6n@abc.net.au,Female,132.78.162.225
241,Phelia,Scotti,pscotti6o@dailymotion.com,Genderfluid,126.162.125.64
242,Nestor,Adamou,nadamou6p@patch.com,Male,14.42.95.114
243,Der,Tesoe,dtesoe6q@springer.com,Agender,133.139.27.126
244,Margo,Nacci,mnacci6r@wisc.edu,Non-binary,245.125.230.120
245,Syd,Gallard,sgallard6s@go.com,Male,223.175.170.73
246,Bobby,Deerness,bdeerness6t@cocolog-nifty.com,Male,53.178.195.200
247,Drusie,Tedstone,dtedstone6u@google.fr,Polygender,253.212.234.249
248,Nataniel,Rolse,nrolse6v@nbcnews.com,Non-binary,75.132.108.181
249,Charmion,Duckit,cduckit6w@apple.com,Non-binary,190.254.30.46
250,Wittie,Tommen,wtommen6x@msu.edu,Genderfluid,71.54.193.174
251,Raddie,McLanachan,rmclanachan6y@networkadvertising.org,Male,63.159.102.183
252,Gavin,Moral,gmoral6z@shareasale.com,Female,170.224.242.195
253,Rollo,O'Clery,roclery70@plala.or.jp,Non-binary,135.220.93.94
254,Suellen,Sandever,ssandever71@pinterest.com,Agender,92.51.251.87
255,Sonya,Dottrell,sdottrell72@trellian.com,Genderfluid,211.192.148.100
256,Sallee,Heaphy,sheaphy73@squidoo.com,Female,213.232.4.37
257,Elspeth,Letford,eletford74@ucsd.edu,Bigender,86.36.121.246
258,Estel,Adair,eadair75@dyndns.org,Polygender,218.240.112.85
259,Colette,Allbrook,callbrook76@baidu.com,Genderqueer,140.53.166.229
260,Roddy,Dahlen,rdahlen77@bloglovin.com,Polygender,213.233.156.200
261,Gabey,Checchi,gchecchi78@oracle.com,Agender,101.244.170.253
262,Maryanne,Grennan,mgrennan79@yahoo.co.jp,Male,169.192.114.20
263,Kat,Hexham,khexham7a@psu.edu,Bigender,126.160.203.177
264,Avivah,Wharton,awharton7b@bbb.org,Non-binary,66.220.10.7
265,Nertie,Almack,nalmack7c@nymag.com,Genderqueer,8.36.75.25
266,Carmen,Heaney`,cheaney7d@wikimedia.org,Agender,162.245.217.79
267,Jewel,Scorah,jscorah7e@mayoclinic.com,Genderqueer,209.246.242.232
268,Christoforo,Trewman,ctrewman7f@myspace.com,Male,174.196.123.156
269,Silvia,Older,solder7g@booking.com,Male,198.182.236.164
270,Raynard,Stedall,rstedall7h@addthis.com,Agender,233.195.64.87
271,Murielle,Whiteson,mwhiteson7i@archive.org,Genderfluid,29.0.41.28
272,Noe,Raynard,nraynard7j@hc360.com,Female,247.214.175.212
273,Elysha,Undrill,eundrill7k@dyndns.org,Genderqueer,97.72.30.7
274,Renae,Cromer,rcromer7l@sciencedirect.com,Non-binary,192.233.236.14
275,Vyky,Stannering,vstannering7m@paypal.com,Female,84.127.186.141
276,Fax,Cromie,fcromie7n@ustream.tv,Genderfluid,160.128.16.185
277,Tonie,Stollhofer,tstollhofer7o@thetimes.co.uk,Male,247.95.119.109
278,Libbie,Clouston,lclouston7p@ucoz.ru,Non-binary,165.181.58.40
279,Juana,Edmands,jedmands7q@nasa.gov,Female,125.250.92.83
280,Veronica,Sketch,vsketch7r@huffingtonpost.com,Agender,130.34.33.154
281,Diandra,Cankett,dcankett7s@drupal.org,Genderqueer,63.95.153.152
282,Donny,Foxton,dfoxton7t@cnbc.com,Agender,5.126.205.61
283,Ofilia,Veryard,overyard7u@arstechnica.com,Bigender,54.205.49.3
284,Isak,Epgrave,iepgrave7v@imdb.com,Non-binary,141.221.225.212
285,Kippar,Comfort,kcomfort7w@flickr.com,Agender,145.255.33.80
286,Sybil,Pitsall,spitsall7x@cafepress.com,Polygender,7.203.50.54
287,Raddie,O'Keenan,rokeenan7y@state.gov,Female,87.237.199.66
288,Demetris,Winckle,dwinckle7z@newyorker.com,Genderfluid,198.102.177.55
289,Marlo,Staniland,mstaniland80@ftc.gov,Male,108.197.117.102
290,Trixy,Gyrgorcewicx,tgyrgorcewicx81@photobucket.com,Genderfluid,37.173.157.189
291,Karalee,Ciccotti,kciccotti82@ow.ly,Genderfluid,178.32.219.237
292,Stephana,Bentall,sbentall83@earthlink.net,Genderqueer,229.251.50.218
293,Giralda,Kigelman,gkigelman84@comcast.net,Polygender,236.203.224.153
294,Fredericka,Phalip,fphalip85@cnet.com,Polygender,250.18.234.80
295,Ker,Freund,kfreund86@newsvine.com,Non-binary,72.151.228.91
296,Sandro,Van De Cappelle,svandecappelle87@adobe.com,Bigender,191.191.76.72
297,Bartolemo,Tattam,btattam88@auda.org.au,Polygender,187.49.138.130
298,Tanner,Byrom,tbyrom89@ox.ac.uk,Female,1.36.79.53
299,Addie,Ellett,aellett8a@google.de,Genderqueer,118.139.47.49
300,Piggy,Colleran,pcolleran8b@narod.ru,Agender,147.30.121.143
301,Storm,Bapty,sbapty8c@yellowbook.com,Non-binary,157.239.186.84
302,Hugh,Parmer,hparmer8d@icq.com,Polygender,210.226.170.126
303,Antonino,Bardwall,abardwall8e@myspace.com,Female,92.151.36.250
304,Cacilie,Osmint,cosmint8f@ehow.com,Agender,30.234.180.60
305,Jesse,Cumberpatch,jcumberpatch8g@usnews.com,Bigender,145.199.26.79
306,Werner,Ladley,wladley8h@imageshack.us,Genderfluid,184.158.240.121
307,Christy,Josselsohn,cjosselsohn8i@wix.com,Agender,125.119.166.5
308,Cal,Lampart,clampart8j@google.nl,Genderfluid,44.165.100.192
309,Jedediah,Joanic,jjoanic8k@phpbb.com,Non-binary,137.4.88.171
310,Loydie,Keary,lkeary8l@army.mil,Agender,138.28.99.213
311,Tobye,Cogley,tcogley8m@pagesperso-orange.fr,Genderfluid,190.31.95.59
312,Monica,Coils,mcoils8n@gmpg.org,Agender,63.73.251.13
313,Bibi,Tillyer,btillyer8o@java.com,Genderqueer,252.189.118.201
314,Nedda,Bolzen,nbolzen8p@japanpost.jp,Genderqueer,50.94.189.86
315,Ignazio,Heisler,iheisler8q@buzzfeed.com,Bigender,202.30.180.113
316,Roseanna,Queree,rqueree8r@angelfire.com,Non-binary,167.23.143.61
317,Aarika,Obert,aobert8s@japanpost.jp,Genderfluid,93.160.56.241
318,Justen,Yabsley,jyabsley8t@twitter.com,Male,56.220.239.193
319,Ashley,Jeffes,ajeffes8u@spotify.com,Female,9.182.134.50
320,Kelcey,Broxton,kbroxton8v@sbwire.com,Agender,121.188.213.79
321,Deane,Crocombe,dcrocombe8w@intel.com,Polygender,171.84.11.136
322,Jarad,Kinde,jkinde8x@surveymonkey.com,Male,181.73.22.182
323,Donella,Morphey,dmorphey8y@google.es,Genderfluid,22.227.189.77
324,Rodger,Tatam,rtatam8z@sakura.ne.jp,Female,166.21.222.42
325,Delilah,Baynes,dbaynes90@globo.com,Female,136.83.139.123
326,Hendrick,Monte,hmonte91@opera.com,Female,93.50.88.72
327,Benni,Harverson,bharverson92@oaic.gov.au,Bigender,190.202.65.136
328,Lazar,Krabbe,lkrabbe93@yelp.com,Agender,70.193.127.230
329,Sauveur,Husbands,shusbands94@bloomberg.com,Genderfluid,204.62.198.241
330,Frasquito,Shea,fshea95@exblog.jp,Polygender,83.48.27.200
331,Stacee,Whellams,swhellams96@xinhuanet.com,Female,191.147.15.153
332,Ravi,Stinson,rstinson97@google.fr,Polygender,18.92.35.15
333,Jerrilee,Peepall,jpeepall98@twitter.com,Male,97.225.82.58
334,Sherman,Mays,smays99@telegraph.co.uk,Bigender,77.158.73.88
335,Tabbi,Walkey,twalkey9a@feedburner.com,Non-binary,167.44.213.146
336,Jerome,Bulcock,jbulcock9b@fema.gov,Agender,245.43.202.103
337,Charin,Jenny,cjenny9c@amazon.co.uk,Polygender,14.126.3.65
338,Rivalee,Sibyllina,rsibyllina9d@cdbaby.com,Non-binary,82.189.211.47
339,Kesley,Culkin,kculkin9e@cpanel.net,Polygender,152.196.101.92
340,Othilia,Mulvin,omulvin9f@so-net.ne.jp,Non-binary,30.208.87.126
341,Deena,Speddin,dspeddin9g@netvibes.com,Genderqueer,165.108.67.130
342,Jenda,Mc Comb,jmccomb9h@salon.com,Bigender,81.118.225.57
343,Shirline,Evert,severt9i@liveinternet.ru,Male,213.194.186.67
344,Ab,Adriani,aadriani9j@fda.gov,Non-binary,213.212.112.95
345,Elfrida,Belvard,ebelvard9k@google.com.hk,Bigender,230.148.242.187
346,Sim,Gilpin,sgilpin9l@ning.com,Female,160.28.168.241
347,Corena,Pollitt,cpollitt9m@ucoz.com,Agender,49.125.138.13
348,Levi,Pretsel,lpretsel9n@stanford.edu,Polygender,15.68.2.120
349,Petunia,Roth,proth9o@facebook.com,Polygender,234.168.190.247
350,Lauretta,Birchill,lbirchill9p@adobe.com,Bigender,152.234.48.80
351,Alexandra,Grenshields,agrenshields9q@github.io,Genderqueer,152.164.62.81
352,Andras,Cornfield,acornfield9r@friendfeed.com,Genderfluid,213.254.105.16
353,Alic,Egle,aegle9s@toplist.cz,Agender,174.127.205.207
354,Deni,Foulks,dfoulks9t@home.pl,Female,114.182.14.69
355,Alexandr,Cello,acello9u@mit.edu,Genderqueer,179.155.28.45
356,Hynda,Bracher,hbracher9v@census.gov,Genderfluid,239.17.37.187
357,Bryon,Laity,blaity9w@mozilla.org,Male,14.19.175.110
358,Paco,Dibbe,pdibbe9x@naver.com,Male,127.3.166.55
359,Cobbie,McGrae,cmcgrae9y@hatena.ne.jp,Agender,135.18.147.34
360,Evelyn,Tilmouth,etilmouth9z@paginegialle.it,Female,83.21.240.175
361,Jerri,Harrild,jharrilda0@earthlink.net,Non-binary,236.10.72.2
362,Christian,Ducaen,cducaena1@soup.io,Polygender,135.159.157.60
363,Reginauld,Bernhardi,rbernhardia2@a8.net,Male,47.220.118.49
364,Kynthia,Gabites,kgabitesa3@bigcartel.com,Female,167.188.42.169
365,Gale,Evert,geverta4@usda.gov,Bigender,75.84.240.44
366,Elfrida,Panchen,epanchena5@domainmarket.com,Bigender,128.0.8.238
367,Tan,Gosker,tgoskera6@instagram.com,Polygender,195.148.207.224
368,Jerald,Berecloth,jbereclotha7@nsw.gov.au,Genderfluid,76.220.58.159
369,Gavra,Whitmarsh,gwhitmarsha8@clickbank.net,Female,159.178.150.176
370,Valentine,Jantot,vjantota9@simplemachines.org,Agender,161.214.206.247
371,Ericka,Shortin,eshortinaa@narod.ru,Genderqueer,4.239.99.191
372,Derril,Loggie,dloggieab@guardian.co.uk,Female,41.115.122.101
373,Clary,Strotton,cstrottonac@nasa.gov,Genderfluid,212.20.168.193
374,Norma,Mussington,nmussingtonad@people.com.cn,Genderfluid,90.184.27.250
375,Hunter,Bullar,hbullarae@msu.edu,Male,32.220.18.211
376,Sallee,Perkins,sperkinsaf@bizjournals.com,Female,121.147.3.119
377,Arny,Baty,abatyag@oakley.com,Genderfluid,6.42.215.12
378,Sibyl,Pridgeon,spridgeonah@mapquest.com,Bigender,187.166.53.179
379,Fawn,Wynne,fwynneai@virginia.edu,Polygender,17.227.170.117
380,Bettye,Cattlow,bcattlowaj@cloudflare.com,Bigender,161.198.111.46
381,Cary,Calcutt,ccalcuttak@gravatar.com,Male,51.173.126.115
382,Melinda,Mc Combe,mmccombeal@upenn.edu,Genderfluid,20.40.18.206
383,Armstrong,Offa,aoffaam@yellowpages.com,Bigender,89.129.142.42
384,Jecho,Richten,jrichtenan@github.io,Genderfluid,74.143.54.186
385,Guss,Shelbourne,gshelbourneao@ning.com,Genderfluid,176.91.80.56
386,Sandye,Pardie,spardieap@paypal.com,Non-binary,70.67.161.127
387,Nollie,Knaggs,nknaggsaq@vistaprint.com,Bigender,102.140.192.183
388,Gunther,Lilleycrop,glilleycropar@eepurl.com,Non-binary,182.157.189.180
389,Clyve,Rowet,crowetas@networksolutions.com,Non-binary,75.86.122.6
390,Gustie,Fassbender,gfassbenderat@360.cn,Female,149.120.213.2
391,Sioux,Brodeau,sbrodeauau@businesswire.com,Male,102.43.115.169
392,Dacie,Blurton,dblurtonav@amazon.co.uk,Genderfluid,75.58.165.137
393,Alexio,Looks,alooksaw@accuweather.com,Polygender,92.140.40.3
394,Dee,Struss,dstrussax@slideshare.net,Agender,31.151.14.165
395,Jakie,Gurney,jgurneyay@alexa.com,Female,56.13.55.176
396,Prissie,Sauvan,psauvanaz@photobucket.com,Non-binary,120.97.255.12
397,Gianni,Ribchester,gribchesterb0@yahoo.co.jp,Genderqueer,58.24.249.24
398,Norris,Mattussevich,nmattussevichb1@globo.com,Non-binary,243.221.145.236
399,Brandice,Merryweather,bmerryweatherb2@examiner.com,Male,39.91.38.229
400,Lisa,Kyme,lkymeb3@comcast.net,Non-binary,219.195.124.96
401,Madelene,Backe,mbackeb4@ox.ac.uk,Bigender,119.250.86.234
402,Essa,Teaze,eteazeb5@hibu.com,Non-binary,4.219.8.59
403,Cece,Huws,chuwsb6@cbc.ca,Polygender,177.27.61.69
404,Laetitia,Briddock,lbriddockb7@europa.eu,Agender,217.61.241.63
405,Justinn,Churches,jchurchesb8@macromedia.com,Female,173.96.57.82
406,Wally,Page,wpageb9@taobao.com,Male,68.224.220.199
407,Ian,Bloor,ibloorba@technorati.com,Agender,33.71.137.222
408,Sigismundo,Chick,schickbb@ebay.com,Agender,30.251.240.249
409,Odilia,Burnall,oburnallbc@blinklist.com,Agender,141.114.66.4
410,Francine,Tocher,ftocherbd@hubpages.com,Polygender,194.214.66.255
411,Ginevra,Scolts,gscoltsbe@studiopress.com,Polygender,67.16.35.73
412,Hubie,De Castri,hdecastribf@apple.com,Bigender,217.137.124.196
413,Tanny,Dansey,tdanseybg@hugedomains.com,Genderfluid,63.164.13.224
414,Samuele,Josham,sjoshambh@vkontakte.ru,Bigender,39.0.50.192
415,Karina,Inglese,kinglesebi@jigsy.com,Male,14.63.205.137
416,Cyndy,Fransman,cfransmanbj@reddit.com,Non-binary,34.99.86.79
417,Melva,MacCawley,mmaccawleybk@simplemachines.org,Male,111.107.4.51
418,Bone,Yitzhok,byitzhokbl@samsung.com,Agender,144.117.210.3
419,Foss,Maitland,fmaitlandbm@gnu.org,Female,251.55.251.22
420,Erwin,Bow,ebowbn@exblog.jp,Female,200.27.49.84
421,Alexandra,McElane,amcelanebo@bloomberg.com,Non-binary,227.193.128.242
422,Hetty,Landor,hlandorbp@smugmug.com,Genderfluid,71.71.95.15
423,Rivi,Bentham3,rbenthambq@newyorker.com,Polygender,145.213.166.71
424,Wendall,Lant,wlantbr@amazon.com,Female,141.219.24.236
425,Tobe,Ongin,tonginbs@jugem.jp,Genderqueer,252.224.19.150
426,Tarrah,McCabe,tmccabebt@lycos.com,Bigender,84.209.40.250
427,Kaile,Plackstone,kplackstonebu@constantcontact.com,Polygender,172.243.18.64
428,Emilee,Stennings,estenningsbv@delicious.com,Genderqueer,85.66.99.124
429,Worthy,Snedden,wsneddenbw@livejournal.com,Agender,165.72.151.60
430,Korie,Mothersdale,kmothersdalebx@webs.com,Genderqueer,130.197.145.208
431,Layne,McNelis,lmcnelisby@tuttocitta.it,Male,54.193.122.232
432,Kayley,Luckings,kluckingsbz@webmd.com,Agender,56.108.205.68
433,Peder,Tibbetts,ptibbettsc0@google.cn,Female,166.82.32.139
434,Debee,Sime,dsimec1@php.net,Non-binary,200.180.83.165
435,Tris,Goldby,tgoldbyc2@yolasite.com,Polygender,188.184.186.199
436,Marleah,O' Hanvey,mohanveyc3@reverbnation.com,Genderfluid,5.83.207.222
437,Beatrix,Sprouls,bsproulsc4@youku.com,Non-binary,180.244.60.125
438,Fran,Witherby,fwitherbyc5@oakley.com,Male,161.64.142.142
439,Becki,Bidwell,bbidwellc6@disqus.com,Non-binary,146.251.18.6
440,Brad,Bolf,bbolfc7@europa.eu,Male,39.146.122.172
441,Donella,Stearne,dstearnec8@who.int,Genderfluid,87.249.30.232
442,Myca,Phizacklea,mphizackleac9@google.es,Bigender,68.9.213.54
443,Elianore,Mathivat,emathivatca@instagram.com,Agender,156.117.0.7
444,Nicol,Sale,nsalecb@guardian.co.uk,Non-binary,23.98.59.11
445,Shea,Criag,scriagcc@opera.com,Polygender,116.165.237.177
446,Aubry,Pennyman,apennymancd@sciencedirect.com,Genderfluid,26.2.12.68
447,Rodger,Di Franceschi,rdifranceschice@tripadvisor.com,Female,119.194.171.216
448,Gratiana,Lynock,glynockcf@usatoday.com,Bigender,228.250.86.149
449,Odo,Oldnall,ooldnallcg@1und1.de,Genderfluid,229.104.217.183
450,Dorri,Simonato,dsimonatoch@ucoz.com,Genderqueer,234.4.85.106
451,Margi,Smallpeace,msmallpeaceci@behance.net,Female,222.147.215.55
452,Sarette,Roddick,sroddickcj@fotki.com,Genderqueer,152.159.144.248
453,Constantine,Hurles,churlesck@spiegel.de,Genderfluid,211.71.37.126
454,Antonina,Krolman,akrolmancl@sun.com,Polygender,177.94.223.236
455,Jackqueline,Hebden,jhebdencm@privacy.gov.au,Male,55.228.31.167
456,Lenna,Coneron,lconeroncn@cisco.com,Male,147.180.189.32
457,Hayden,Brimman,hbrimmanco@businesswire.com,Polygender,135.140.181.44
458,Michelina,Lockett,mlockettcp@dailymotion.com,Female,211.198.55.48
459,Onfre,Speachley,ospeachleycq@census.gov,Genderfluid,223.0.28.159
460,Fabien,Troake,ftroakecr@xing.com,Male,138.40.188.250
461,Herold,Eunson,heunsoncs@webs.com,Polygender,14.134.209.179
462,Marie-ann,Tucker,mtuckerct@nba.com,Agender,105.186.140.176
463,Kareem,Agett,kagettcu@discuz.net,Female,36.162.45.90
464,Heda,Sivorn,hsivorncv@liveinternet.ru,Female,53.65.188.91
465,Harmon,Cail,hcailcw@senate.gov,Bigender,103.14.175.176
466,Darbee,Millis,dmilliscx@alibaba.com,Bigender,154.144.14.89
467,Fields,Greenmon,fgreenmoncy@jugem.jp,Genderfluid,93.28.73.47
468,Taite,Gutridge,tgutridgecz@people.com.cn,Genderqueer,210.16.250.117
469,Rosene,Kensington,rkensingtond0@unesco.org,Agender,87.63.172.54
470,Adaline,Danielsson,adanielssond1@ed.gov,Genderfluid,214.148.191.197
471,Scott,Boddice,sboddiced2@lulu.com,Non-binary,220.10.230.219
472,Augie,Liles,alilesd3@sun.com,Non-binary,77.29.213.94
473,Devin,Annies,danniesd4@themeforest.net,Polygender,45.229.224.69
474,Jeff,Orthmann,jorthmannd5@psu.edu,Polygender,78.162.185.97
475,Bartlett,Yakubowicz,byakubowiczd6@moonfruit.com,Female,60.244.241.17
476,Selie,Dudin,sdudind7@princeton.edu,Bigender,103.243.119.144
477,Kimbell,Swepson,kswepsond8@scientificamerican.com,Bigender,133.162.228.226
478,Vanya,de Grey,vdegreyd9@craigslist.org,Bigender,168.54.145.148
479,Gus,Sampey,gsampeyda@bizjournals.com,Polygender,86.151.66.58
480,Kelli,Cooksey,kcookseydb@symantec.com,Male,187.250.103.239
481,Jany,Wigsell,jwigselldc@alibaba.com,Non-binary,247.128.105.159
482,Roanne,Jinkin,rjinkindd@sbwire.com,Genderqueer,131.130.209.69
483,Corrie,MacNucator,cmacnucatorde@networkadvertising.org,Genderfluid,86.52.126.166
484,Patricia,Oganian,poganiandf@apple.com,Female,113.101.108.100
485,Hamlen,Saltrese,hsaltresedg@tripod.com,Bigender,81.110.95.123
486,Rona,Stephens,rstephensdh@globo.com,Male,133.20.65.40
487,Chelsie,Greetham,cgreethamdi@deviantart.com,Agender,32.84.20.8
488,Nichol,Currin,ncurrindj@toplist.cz,Bigender,183.140.237.3
489,Fonsie,Pithie,fpithiedk@gravatar.com,Male,39.174.191.186
490,Pippa,Cutteridge,pcutteridgedl@bluehost.com,Agender,60.247.207.162
491,Bartram,Krolik,bkrolikdm@google.es,Male,159.129.73.138
492,Joell,Stichall,jstichalldn@marketwatch.com,Agender,237.89.8.89
493,Jessie,Berrygun,jberrygundo@google.nl,Agender,186.59.76.122
494,Reilly,McGibbon,rmcgibbondp@cbsnews.com,Male,88.107.160.80
495,Mauricio,Blonden,mblondendq@nasa.gov,Genderfluid,4.182.71.180
496,Ewen,Mounter,emounterdr@purevolume.com,Genderfluid,212.142.125.13
497,Talia,Sonnenschein,tsonnenscheinds@unc.edu,Bigender,135.135.118.170
498,Amalee,Whitington,awhitingtondt@hc360.com,Agender,237.73.27.168
499,Dael,Grigorian,dgrigoriandu@wufoo.com,Non-binary,175.98.204.251
500,Bert,Maddock,bmaddockdv@dyndns.org,Genderqueer,130.113.229.80
501,Rosmunda,Barti,rbartidw@disqus.com,Polygender,56.113.203.210
502,Kristofer,Trewhela,ktrewheladx@creativecommons.org,Bigender,180.121.166.28
503,Alon,Fenelon,afenelondy@abc.net.au,Male,250.144.154.110
504,Lizzie,Whitbread,lwhitbreaddz@businesswire.com,Genderqueer,7.48.63.43
505,Julita,McKeveney,jmckeveneye0@arstechnica.com,Non-binary,19.157.0.210
506,Thorin,Brooks,tbrookse1@smugmug.com,Bigender,132.129.5.130
507,Jeremiah,Caltun,jcaltune2@angelfire.com,Non-binary,14.90.81.103
508,Binky,Marrable,bmarrablee3@google.com.au,Male,253.190.158.44
509,Jessamyn,Mapam,jmapame4@ucoz.com,Female,223.180.119.49
510,Tova,Kernaghan,tkernaghane5@biblegateway.com,Genderfluid,230.108.5.73
511,Melita,Sellens,msellense6@flickr.com,Genderqueer,141.96.110.5
512,Leanor,Farnie,lfarniee7@dion.ne.jp,Male,19.29.152.21
513,Erroll,Hallock,ehallocke8@gizmodo.com,Polygender,118.225.37.129
514,Hilde,Manuaud,hmanuaude9@sourceforge.net,Genderfluid,185.92.148.100
515,Leroi,Blissett,lblissettea@angelfire.com,Bigender,225.30.95.65
516,Ave,Elster,aelstereb@bluehost.com,Polygender,5.249.231.47
517,Cece,O'Grogane,cogroganeec@livejournal.com,Genderfluid,48.238.73.25
518,Jesse,Shortall,jshortalled@linkedin.com,Non-binary,180.77.241.217
519,Jamey,Kalinsky,jkalinskyee@smugmug.com,Female,184.114.111.93
520,Abbot,Fonso,afonsoef@devhub.com,Bigender,229.82.236.19
521,Gabriellia,Hearty,gheartyeg@simplemachines.org,Bigender,237.65.88.187
522,Gerri,Minguet,gmingueteh@yahoo.co.jp,Non-binary,145.179.137.183
523,Culver,Molden,cmoldenei@cyberchimps.com,Genderqueer,126.19.20.167
524,Gav,Bifield,gbifieldej@bloglovin.com,Polygender,135.22.213.77
525,Terri,Mathon,tmathonek@army.mil,Male,255.189.1.197
526,Dina,Domone,ddomoneel@com.com,Female,228.102.193.193
527,Brittni,Sifleet,bsifleetem@google.pl,Bigender,188.151.50.95
528,Robenia,Moyne,rmoyneen@chicagotribune.com,Female,207.4.136.46
529,Lela,Dillway,ldillwayeo@goodreads.com,Genderqueer,251.242.0.173
530,Kerstin,Canelas,kcanelasep@scientificamerican.com,Female,67.166.211.165
531,Clarissa,Stuttman,cstuttmaneq@flickr.com,Female,152.136.170.141
532,Marlo,Earey,meareyer@xing.com,Bigender,170.95.22.27
533,Myer,Hosby,mhosbyes@zimbio.com,Male,60.200.222.140
534,Godwin,Tanton,gtantonet@nyu.edu,Male,0.222.29.151
535,Liva,Alldritt,lalldritteu@sakura.ne.jp,Polygender,42.184.105.182
536,Ennis,Antushev,eantushevev@amazon.de,Female,185.136.106.224
537,Tadd,Deville,tdevilleew@nbcnews.com,Genderqueer,163.99.243.35
538,Susanne,Parlett,sparlettex@bluehost.com,Male,243.100.169.152
539,Finn,Senchenko,fsenchenkoey@flickr.com,Female,68.184.198.253
540,Theadora,Furzey,tfurzeyez@xrea.com,Agender,243.35.43.225
541,Ora,Murfill,omurfillf0@networkadvertising.org,Genderqueer,185.7.180.193
542,Beryl,Romans,bromansf1@goo.gl,Male,238.223.218.164
543,Desiri,Ingray,dingrayf2@opera.com,Polygender,170.165.85.115
544,Kyle,Birdis,kbirdisf3@fema.gov,Female,202.181.78.77
545,Helene,Teaze,hteazef4@nih.gov,Polygender,120.56.112.112
546,Pat,Mattheus,pmattheusf5@altervista.org,Non-binary,171.31.62.58
547,Windham,Izod,wizodf6@nih.gov,Genderqueer,136.139.142.94
548,Barbra,Swaisland,bswaislandf7@soundcloud.com,Male,228.137.57.101
549,Walt,Sawnwy,wsawnwyf8@vimeo.com,Genderqueer,147.168.125.148
550,Eve,Whartonby,ewhartonbyf9@hostgator.com,Non-binary,62.251.122.235
551,Xena,Raincin,xraincinfa@angelfire.com,Genderfluid,58.118.42.254
552,Ame,MacGettigen,amacgettigenfb@oakley.com,Bigender,70.24.95.143
553,Cristabel,Stansell,cstansellfc@live.com,Genderfluid,14.170.121.212
554,Stefano,McCrainor,smccrainorfd@uol.com.br,Male,196.95.252.240
555,Kelly,Godsafe,kgodsafefe@cocolog-nifty.com,Polygender,252.209.19.88
556,Charles,Tingey,ctingeyff@vistaprint.com,Agender,246.165.147.239
557,Wilfrid,Alpe,walpefg@lycos.com,Polygender,200.133.168.84
558,Timmie,Ennion,tennionfh@miitbeian.gov.cn,Non-binary,106.182.58.116
559,Corabel,Aspenlon,caspenlonfi@shop-pro.jp,Polygender,231.121.89.33
560,Barbra,De Malchar,bdemalcharfj@odnoklassniki.ru,Agender,246.138.236.199
561,Ginger,De Metz,gdemetzfk@mozilla.org,Non-binary,117.77.102.126
562,Konstance,Stryde,kstrydefl@cocolog-nifty.com,Bigender,98.119.22.12
563,Delmor,De Gregorio,ddegregoriofm@geocities.jp,Polygender,177.239.53.100
564,Ulrick,Maneylaws,umaneylawsfn@simplemachines.org,Genderqueer,237.67.218.230
565,Bard,Baldick,bbaldickfo@ask.com,Non-binary,177.79.30.134
566,Ondrea,Fransewich,ofransewichfp@adobe.com,Bigender,114.143.235.202
567,Alfreda,Golsthorp,agolsthorpfq@networksolutions.com,Non-binary,120.152.109.178
568,Gabriella,Crickett,gcrickettfr@techcrunch.com,Female,116.109.214.112
569,Markus,Larkcum,mlarkcumfs@slate.com,Genderqueer,27.82.153.229
570,Say,Cokly,scoklyft@businessinsider.com,Female,161.68.70.141
571,Llewellyn,Children,lchildrenfu@cyberchimps.com,Genderqueer,120.177.75.234
572,Jeniffer,Oland,jolandfv@biglobe.ne.jp,Bigender,110.107.236.233
573,Pierrette,Godehard.sf,pgodehardsffw@deviantart.com,Agender,208.43.64.60
574,Aloysia,Tarbet,atarbetfx@theglobeandmail.com,Agender,200.156.167.140
575,Tanner,Raftery,trafteryfy@ehow.com,Non-binary,166.89.32.18
576,Philipa,Rubinek,prubinekfz@xinhuanet.com,Genderfluid,27.55.101.251
577,Elbertine,Hennington,ehenningtong0@redcross.org,Agender,227.116.84.237
578,Magdalene,Kynsey,mkynseyg1@list-manage.com,Agender,150.13.192.150
579,Miguela,Henden,mhendeng2@apple.com,Polygender,69.148.29.154
580,Bartholomew,Mustin,bmusting3@4shared.com,Polygender,182.84.131.54
581,Dorita,Rupert,drupertg4@aol.com,Non-binary,165.157.70.50
582,Eden,Pummery,epummeryg5@utexas.edu,Bigender,254.233.84.157
583,Angelo,Pierson,apiersong6@imdb.com,Agender,214.225.15.133
584,Iorgo,Mower,imowerg7@wired.com,Male,106.38.40.97
585,Marty,Haggarty,mhaggartyg8@hhs.gov,Female,82.54.129.148
586,Cass,Dahlberg,cdahlbergg9@cocolog-nifty.com,Male,79.109.148.12
587,Ray,Stubbs,rstubbsga@1688.com,Polygender,218.230.221.65
588,Guthrey,Bernot,gbernotgb@issuu.com,Genderfluid,133.220.251.19
589,Mirabelle,Schindler,mschindlergc@msn.com,Genderfluid,10.10.31.169
590,Mommy,Standbrooke,mstandbrookegd@xrea.com,Agender,154.12.194.138
591,Zulema,Knowles,zknowlesge@intel.com,Agender,240.24.84.223
592,Deni,Ozanne,dozannegf@unicef.org,Male,168.28.199.99
593,Cher,Cordero,ccorderogg@xing.com,Female,171.208.94.145
594,Norina,Skillicorn,nskillicorngh@gmpg.org,Bigender,254.255.221.210
595,Adel,Mugridge,amugridgegi@eventbrite.com,Genderfluid,184.203.65.183
596,Karolina,Arkwright,karkwrightgj@hatena.ne.jp,Genderfluid,89.109.2.122
597,Patty,Watters,pwattersgk@furl.net,Bigender,44.104.249.202
598,Cornell,Batisse,cbatissegl@ovh.net,Female,58.54.8.196
599,Ephrayim,Egger,eeggergm@webeden.co.uk,Genderfluid,68.50.111.252
600,Leslie,Bulluck,lbulluckgn@ucla.edu,Bigender,215.253.194.144
601,Charmaine,Headan,cheadango@amazon.de,Non-binary,138.65.223.150
602,Fran,Reinbech,freinbechgp@vistaprint.com,Male,4.235.139.96
603,Martino,Trueman,mtruemangq@reference.com,Genderfluid,254.0.87.81
604,Isaiah,Maylott,imaylottgr@boston.com,Non-binary,108.107.117.50
605,Marthena,Fruen,mfruengs@geocities.jp,Agender,152.111.33.139
606,Audre,Laba,alabagt@technorati.com,Female,128.103.251.136
607,Christiane,Bunkle,cbunklegu@bloomberg.com,Agender,126.218.47.157
608,Ruthi,Danko,rdankogv@berkeley.edu,Bigender,116.155.19.133
609,Dasha,Foulgham,dfoulghamgw@hatena.ne.jp,Agender,133.211.117.104
610,Greggory,MacDermott,gmacdermottgx@kickstarter.com,Male,102.48.57.94
611,Haroun,Ennor,hennorgy@slideshare.net,Non-binary,123.39.74.15
612,Audrey,Baudino,abaudinogz@tripod.com,Genderfluid,3.62.41.190
613,Panchito,Twatt,ptwatth0@sphinn.com,Male,231.136.120.36
614,Berri,Breache,bbreacheh1@nifty.com,Male,182.89.17.22
615,Jolie,Weekland,jweeklandh2@csmonitor.com,Male,16.31.250.218
616,Lin,Killingworth,lkillingworthh3@bloomberg.com,Non-binary,168.207.7.61
617,Freeman,Piddocke,fpiddockeh4@msn.com,Non-binary,34.53.1.253
618,Lulita,Jaffa,ljaffah5@barnesandnoble.com,Genderqueer,82.189.99.236
619,Mata,Davidovits,mdavidovitsh6@blogger.com,Bigender,139.180.69.242
620,Lenci,Beazey,lbeazeyh7@arizona.edu,Male,169.219.11.75
621,Elton,Higgoe,ehiggoeh8@sciencedaily.com,Genderqueer,200.11.101.4
622,Petra,Joslyn,pjoslynh9@salon.com,Female,204.131.54.222
623,Spense,Farquar,sfarquarha@stumbleupon.com,Genderqueer,240.23.0.7
624,Malva,Crippell,mcrippellhb@blinklist.com,Polygender,1.50.69.203
625,Terry,Eastwell,teastwellhc@ning.com,Genderfluid,70.184.243.139
626,Patsy,Knifton,pkniftonhd@bbc.co.uk,Bigender,151.89.67.119
627,Michail,Withams,mwithamshe@wikipedia.org,Male,139.118.10.41
628,Inger,Jedrysik,ijedrysikhf@quantcast.com,Genderqueer,70.250.209.212
629,Evangelina,Schowenburg,eschowenburghg@artisteer.com,Genderqueer,10.201.140.34
630,Charmine,Jaulmes,cjaulmeshh@macromedia.com,Bigender,109.65.253.45
631,Creigh,Ziemen,cziemenhi@telegraph.co.uk,Non-binary,174.110.72.66
632,Lydon,Stanislaw,lstanislawhj@ustream.tv,Bigender,254.29.246.52
633,Blondy,Prater,bpraterhk@acquirethisname.com,Bigender,86.165.56.75
634,Jeremy,Puffett,jpuffetthl@networkadvertising.org,Agender,115.137.162.79
635,Chryste,Napolitano,cnapolitanohm@artisteer.com,Female,162.74.111.137
636,Elizabeth,Hursthouse,ehursthousehn@ihg.com,Bigender,118.122.9.61
637,Rafaellle,Garratty,rgarrattyho@issuu.com,Genderqueer,95.1.111.248
638,Dianne,Carrell,dcarrellhp@soup.io,Female,245.129.27.251
639,Calvin,Leatherbarrow,cleatherbarrowhq@oracle.com,Non-binary,116.131.229.83
640,Carmen,Strowan,cstrowanhr@pbs.org,Polygender,119.249.89.254
641,Arney,Jeandin,ajeandinhs@alexa.com,Bigender,155.181.108.217
642,Carroll,Henderson,chendersonht@fema.gov,Female,129.231.252.175
643,Natividad,Kender,nkenderhu@163.com,Genderqueer,81.44.124.72
644,Orazio,Took,otookhv@cpanel.net,Bigender,228.71.200.68
645,Tonye,Bentick,tbentickhw@nyu.edu,Male,46.64.108.79
646,Shoshanna,Roubert,srouberthx@princeton.edu,Genderfluid,198.114.196.94
647,Haleigh,Balfre,hbalfrehy@guardian.co.uk,Female,69.196.57.87
648,Casper,Bomb,cbombhz@ning.com,Genderfluid,176.178.239.33
649,Merilyn,Fruchon,mfruchoni0@ebay.com,Agender,169.196.214.191
650,Jaquith,Ranvoise,jranvoisei1@loc.gov,Agender,192.96.54.35
651,Farra,Ovise,fovisei2@deliciousdays.com,Male,113.55.247.253
652,Asa,Antonin,aantonini3@ucla.edu,Polygender,103.48.171.167
653,Adiana,Toope,atoopei4@sakura.ne.jp,Polygender,8.112.95.181
654,Moshe,O'Drought,modroughti5@ucoz.com,Genderqueer,153.163.105.104
655,Gerome,Huett,ghuetti6@reddit.com,Male,98.204.110.124
656,Ernest,Scawen,escaweni7@amazonaws.com,Agender,34.59.139.243
657,Shoshana,Barsam,sbarsami8@yahoo.com,Agender,84.65.244.12
658,Reginauld,Hughson,rhughsoni9@army.mil,Genderfluid,63.37.209.249
659,Tito,Silkston,tsilkstonia@cafepress.com,Bigender,4.108.147.188
660,Ardis,Constantine,aconstantineib@cmu.edu,Female,182.145.37.83
661,Joan,Lismer,jlismeric@unicef.org,Genderfluid,203.218.75.202
662,Abdul,Ramshay,aramshayid@nbcnews.com,Non-binary,213.254.91.190
663,Odella,Malkin,omalkinie@toplist.cz,Male,186.194.208.86
664,Roscoe,Donaghy,rdonaghyif@admin.ch,Agender,16.12.99.208
665,Laney,Zollner,lzollnerig@ca.gov,Agender,232.161.32.66
666,Giselle,Machan,gmachanih@webeden.co.uk,Agender,59.24.59.1
667,Petrina,Kilborn,pkilbornii@purevolume.com,Agender,55.31.242.158
668,Carla,Ickowicz,cickowiczij@pbs.org,Non-binary,246.21.70.185
669,Valeria,Riste,vristeik@ameblo.jp,Non-binary,151.125.48.207
670,Gloriane,Akerman,gakermanil@go.com,Female,77.88.94.88
671,Theodosia,Biaggioni,tbiaggioniim@sfgate.com,Agender,132.196.40.151
672,Uriah,Krol,ukrolin@ameblo.jp,Male,250.42.163.249
673,Jerry,Iacabucci,jiacabucciio@studiopress.com,Genderfluid,19.135.97.189
674,Ly,Snowdon,lsnowdonip@cam.ac.uk,Male,209.69.136.8
675,Terrijo,Dumper,tdumperiq@amazon.co.uk,Male,48.39.219.37
676,Nixie,Spelman,nspelmanir@sun.com,Non-binary,14.194.85.40
677,Archambault,Coker,acokeris@bravesites.com,Genderfluid,202.199.192.235
678,Alice,Saill,asaillit@gmpg.org,Agender,129.158.107.221
679,Reta,Gaitley,rgaitleyiu@dropbox.com,Non-binary,55.97.182.14
680,Marney,Boundy,mboundyiv@upenn.edu,Female,163.186.145.162
681,Melodee,Spracklin,msprackliniw@yolasite.com,Male,72.57.182.189
682,Karna,Eagar,keagarix@tuttocitta.it,Non-binary,43.15.175.105
683,Moll,Kelsey,mkelseyiy@paypal.com,Male,40.36.80.11
684,Whitman,Lowell,wlowelliz@dyndns.org,Agender,78.86.110.56
685,Valry,Darthe,vdarthej0@a8.net,Female,174.107.231.14
686,Lilly,Scathard,lscathardj1@ow.ly,Non-binary,129.38.75.208
687,Dulcine,Duggen,dduggenj2@baidu.com,Female,233.249.147.37
688,Gerrilee,Salamon,gsalamonj3@goo.gl,Non-binary,131.171.248.178
689,Erastus,Hurlin,ehurlinj4@icio.us,Bigender,88.71.34.239
690,Gene,Goad,ggoadj5@gmpg.org,Male,216.183.209.193
691,Brady,McMoyer,bmcmoyerj6@cnbc.com,Agender,146.21.201.111
692,Fredericka,Hazelden,fhazeldenj7@spotify.com,Genderqueer,69.238.5.158
693,Laurence,Francello,lfrancelloj8@1und1.de,Agender,25.103.46.175
694,Micki,Riceards,mriceardsj9@sciencedirect.com,Agender,59.182.41.171
695,Winnifred,Milesap,wmilesapja@scientificamerican.com,Bigender,231.233.35.170
696,Ardeen,Filippone,afilipponejb@simplemachines.org,Genderfluid,133.114.99.208
697,Francis,Pizer,fpizerjc@wsj.com,Non-binary,123.193.138.142
698,Larissa,Pearsall,lpearsalljd@patch.com,Female,71.52.105.19
699,Ara,Eakens,aeakensje@ucsd.edu,Female,111.200.160.69
700,Mychal,Stubbs,mstubbsjf@naver.com,Non-binary,131.135.132.35
701,Stephen,Musicka,smusickajg@sina.com.cn,Non-binary,38.223.201.28
702,Morissa,Seckom,mseckomjh@homestead.com,Female,226.190.33.139
703,Arabela,Picardo,apicardoji@typepad.com,Agender,51.187.132.137
704,Nancey,Bestwall,nbestwalljj@businesswire.com,Non-binary,189.246.193.217
705,Georas,Keddy,gkeddyjk@e-recht24.de,Non-binary,112.75.223.167
706,Chrissy,Hambers,chambersjl@usda.gov,Male,196.78.190.210
707,Dena,Stephens,dstephensjm@photobucket.com,Genderfluid,206.114.226.22
708,Tuesday,Gyngell,tgyngelljn@answers.com,Bigender,20.132.114.61
709,Fae,Riha,frihajo@ebay.co.uk,Polygender,56.35.239.120
710,Jerry,Shurmore,jshurmorejp@yahoo.co.jp,Male,174.110.85.151
711,Elliot,Gonnard,egonnardjq@disqus.com,Polygender,216.174.138.14
712,Natassia,Braxay,nbraxayjr@jiathis.com,Bigender,102.221.65.172
713,Muriel,Giacomo,mgiacomojs@nhs.uk,Polygender,67.222.42.128
714,Sioux,Mc Comb,smccombjt@furl.net,Male,39.198.224.237
715,Brew,Shevlin,bshevlinju@hexun.com,Polygender,48.226.186.31
716,Elva,Schaffel,eschaffeljv@guardian.co.uk,Polygender,40.109.165.6
717,Lizette,Bastard,lbastardjw@microsoft.com,Female,211.76.119.84
718,Violante,Calam,vcalamjx@upenn.edu,Male,137.47.54.156
719,Marijn,Haynesford,mhaynesfordjy@umn.edu,Bigender,192.88.210.28
720,Bess,Gasparro,bgasparrojz@webmd.com,Genderqueer,185.196.170.148
721,Tracey,Gurry,tgurryk0@prlog.org,Genderfluid,104.115.217.12
722,Robinet,Rockwell,rrockwellk1@tinyurl.com,Male,204.120.234.207
723,Merna,Bolesma,mbolesmak2@facebook.com,Genderfluid,134.12.171.134
724,Tucker,Feldberg,tfeldbergk3@artisteer.com,Genderfluid,67.18.51.124
725,Jeri,Goodee,jgoodeek4@networkadvertising.org,Genderqueer,50.141.33.80
726,Mair,Simko,msimkok5@123-reg.co.uk,Agender,5.240.30.104
727,Bordie,Laffin,blaffink6@si.edu,Genderqueer,103.232.108.117
728,Anne,Wanderschek,awanderschekk7@thetimes.co.uk,Agender,72.217.166.71
729,Mannie,Grimes,mgrimesk8@usa.gov,Genderqueer,119.72.103.213
730,Panchito,Rosensaft,prosensaftk9@amazon.co.uk,Agender,80.85.156.4
731,Farra,Fairpo,ffairpoka@istockphoto.com,Male,231.80.152.47
732,Fayina,Bierman,fbiermankb@homestead.com,Genderfluid,85.178.201.239
733,Bertie,Ferenc,bferenckc@printfriendly.com,Female,42.59.145.23
734,Arlyn,Dillinger,adillingerkd@redcross.org,Non-binary,41.67.25.189
735,Charin,Nolder,cnolderke@tinyurl.com,Agender,182.228.96.60
736,Georgetta,Westmore,gwestmorekf@nih.gov,Non-binary,161.98.116.23
737,Pamelina,Van Driel,pvandrielkg@cbc.ca,Male,19.105.197.14
738,Odelle,Smithin,osmithinkh@indiatimes.com,Genderfluid,226.227.109.35
739,Lulu,Pinkie,lpinkieki@oaic.gov.au,Female,222.56.26.118
740,Meghann,McNess,mmcnesskj@vistaprint.com,Non-binary,141.200.208.191
741,Helsa,Sansum,hsansumkk@nasa.gov,Male,40.214.76.220
742,Rey,Delooze,rdeloozekl@themeforest.net,Genderqueer,188.8.128.98
743,Joelynn,Gutans,jgutanskm@indiatimes.com,Male,38.65.21.78
744,Payton,Seiler,pseilerkn@un.org,Male,149.112.203.209
745,Cary,Artois,cartoisko@nytimes.com,Genderfluid,209.236.124.29
746,Finn,Norval,fnorvalkp@smh.com.au,Agender,146.5.109.90
747,Shalna,Mateu,smateukq@photobucket.com,Polygender,117.4.69.103
748,Ivory,Joao,ijoaokr@joomla.org,Polygender,242.144.107.106
749,Loria,Klimmek,lklimmekks@reuters.com,Polygender,2.233.172.150
750,Tobe,Bierton,tbiertonkt@wordpress.com,Polygender,71.252.38.250
751,Adan,Welsh,awelshku@oracle.com,Genderqueer,33.177.210.27
752,Alex,McGraw,amcgrawkv@arstechnica.com,Bigender,228.103.125.138
753,Libbey,Arnaudet,larnaudetkw@smugmug.com,Genderqueer,7.191.133.223
754,Thelma,Heindle,theindlekx@arstechnica.com,Non-binary,151.164.79.154
755,Colas,Glencrash,cglencrashky@51.la,Bigender,81.235.47.236
756,Morse,Ashman,mashmankz@microsoft.com,Genderfluid,167.226.181.62
757,Katlin,Eicheler,keichelerl0@newsvine.com,Genderfluid,49.208.241.127
758,Burton,Dunning,bdunningl1@timesonline.co.uk,Female,90.119.183.157
759,Rowland,McGurgan,rmcgurganl2@fastcompany.com,Genderqueer,202.105.125.71
760,Baxy,Kilner,bkilnerl3@ucoz.ru,Male,115.66.202.90
761,Dan,Affuso,daffusol4@netvibes.com,Female,229.223.20.78
762,Sonnie,Simukov,ssimukovl5@soup.io,Agender,138.104.45.42
763,Kellyann,Gilhool,kgilhooll6@fotki.com,Agender,239.201.71.135
764,Jillana,Spera,jsperal7@mapquest.com,Bigender,39.167.108.161
765,Tiertza,Bruyet,tbruyetl8@sfgate.com,Non-binary,195.30.128.128
766,Royce,Pretley,rpretleyl9@nps.gov,Agender,242.42.95.119
767,Salmon,Schimank,sschimankla@miitbeian.gov.cn,Polygender,167.167.239.21
768,Maybelle,Antonognoli,mantonognolilb@google.com.br,Agender,216.64.42.152
769,Mel,Bachmann,mbachmannlc@epa.gov,Polygender,72.16.45.252
770,Zitella,Tunnicliffe,ztunnicliffeld@umn.edu,Polygender,105.247.172.173
771,Bethanne,Benedikt,bbenediktle@jugem.jp,Polygender,53.181.133.135
772,Gerek,Plumb,gplumblf@baidu.com,Agender,135.253.193.52
773,Vinita,MacNeillie,vmacneillielg@go.com,Non-binary,134.253.166.116
774,Bellanca,Hughf,bhughflh@google.com.br,Polygender,221.186.97.132
775,Phillis,Boissieux,pboissieuxli@jimdo.com,Male,46.156.85.209
776,Michelina,Rogerson,mrogersonlj@redcross.org,Agender,188.27.24.43
777,Bobina,Luciani,blucianilk@google.fr,Genderqueer,195.109.242.193
778,Hamid,Storer,hstorerll@webmd.com,Genderfluid,132.189.52.2
779,Pam,Songust,psongustlm@constantcontact.com,Genderqueer,55.44.207.167
780,Donna,Bault,dbaultln@php.net,Male,172.6.108.52
781,Vevay,McGavigan,vmcgaviganlo@flickr.com,Genderqueer,71.222.233.130
782,Chandler,Steenson,csteensonlp@bbb.org,Polygender,21.17.137.111
783,Kathie,Arbuckel,karbuckellq@alibaba.com,Polygender,1.85.104.159
784,Collete,Atton,cattonlr@tinyurl.com,Polygender,239.6.93.216
785,Cammy,Rasher,crasherls@surveymonkey.com,Polygender,158.61.6.182
786,Ardelis,Jahncke,ajahnckelt@gmpg.org,Genderfluid,7.48.178.233
787,Pippo,Gout,pgoutlu@github.io,Male,139.18.99.14
788,Chester,Palfrey,cpalfreylv@about.me,Agender,110.84.248.179
789,Baily,Headington,bheadingtonlw@a8.net,Non-binary,81.69.86.57
790,Monah,Friedank,mfriedanklx@google.de,Male,179.132.50.0
791,Salaidh,Winskill,swinskillly@flickr.com,Male,85.203.251.169
792,Hardy,Bernasek,hbernaseklz@163.com,Female,251.106.230.3
793,Gilles,Roggerone,groggeronem0@over-blog.com,Genderfluid,182.40.51.38
794,Chance,Dobrovolny,cdobrovolnym1@jigsy.com,Genderfluid,112.114.56.202
795,Othelia,Wilfling,owilflingm2@washingtonpost.com,Genderfluid,84.131.223.136
796,Angelita,MacGettigen,amacgettigenm3@mail.ru,Female,186.148.43.54
797,Lea,Crowcher,lcrowcherm4@bloomberg.com,Male,44.107.211.218
798,Diahann,Blindmann,dblindmannm5@dailymotion.com,Agender,228.71.77.23
799,Darbie,Eadmeads,deadmeadsm6@prweb.com,Polygender,123.180.64.251
800,Maxi,Herrema,mherremam7@flickr.com,Female,83.227.83.190
801,Bellina,Whysall,bwhysallm8@google.ru,Non-binary,100.247.187.34
802,Ashlan,Van der Veldt,avanderveldtm9@cisco.com,Genderqueer,215.52.114.200
803,Breena,Scholcroft,bscholcroftma@columbia.edu,Male,217.47.230.119
804,Blancha,McKiernan,bmckiernanmb@storify.com,Male,158.232.247.11
805,Marrilee,Domniney,mdomnineymc@uol.com.br,Agender,180.196.41.151
806,Irwin,Grindle,igrindlemd@google.co.jp,Polygender,126.202.177.132
807,Wright,Dymick,wdymickme@geocities.jp,Non-binary,219.109.17.246
808,Tremayne,Dyers,tdyersmf@facebook.com,Non-binary,209.61.240.210
809,Susette,Ybarra,sybarramg@vkontakte.ru,Genderqueer,220.147.8.75
810,Floyd,Jzak,fjzakmh@bloomberg.com,Bigender,80.250.131.36
811,Freeman,Kleingrub,fkleingrubmi@admin.ch,Female,247.82.219.46
812,Nanine,Humphris,nhumphrismj@scientificamerican.com,Bigender,177.224.0.191
813,Joli,Wilgar,jwilgarmk@buzzfeed.com,Polygender,50.100.53.24
814,Kittie,Effemy,keffemyml@spiegel.de,Genderfluid,22.136.118.122
815,Brena,McIndoe,bmcindoemm@weebly.com,Female,121.164.56.18
816,Ashlin,Gooderridge,agooderridgemn@ed.gov,Non-binary,98.33.47.116
817,Jenilee,Strachan,jstrachanmo@blogs.com,Male,217.202.26.152
818,Klement,Gourlay,kgourlaymp@illinois.edu,Genderqueer,221.172.119.197
819,Kendall,Mateos,kmateosmq@youku.com,Female,147.41.93.114
820,Nertie,Wharmby,nwharmbymr@seesaa.net,Male,157.40.69.30
821,Ally,Stein,asteinms@tripod.com,Bigender,57.236.86.29
822,Wilow,Fownes,wfownesmt@yahoo.com,Genderfluid,100.75.23.7
823,Zed,Dagwell,zdagwellmu@dyndns.org,Genderfluid,6.223.127.70
824,Nancy,Harrowing,nharrowingmv@elegantthemes.com,Genderfluid,117.159.63.231
825,Ruthe,Reinger,rreingermw@mail.ru,Agender,16.56.205.150
826,Burr,Janku,bjankumx@un.org,Genderfluid,146.26.187.190
827,Port,Bellhanger,pbellhangermy@weebly.com,Female,81.233.185.113
828,Vivian,Bisiker,vbisikermz@sitemeter.com,Male,208.140.160.34
829,Kenton,Thwaites,kthwaitesn0@vk.com,Male,52.69.20.88
830,Abbie,Bickerton,abickertonn1@deviantart.com,Male,118.93.80.181
831,Daisey,Braithwaite,dbraithwaiten2@usda.gov,Polygender,101.50.226.193
832,Darsey,Rahl,drahln3@mit.edu,Genderqueer,250.231.72.52
833,Broddy,Acton,bactonn4@msn.com,Polygender,201.46.101.62
834,Brandon,Duding,bdudingn5@indiegogo.com,Non-binary,3.41.142.14
835,Shamus,Dodell,sdodelln6@smugmug.com,Genderqueer,173.185.189.61
836,Kevon,Rospars,krosparsn7@jiathis.com,Agender,40.164.235.176
837,Martica,Gilfillan,mgilfillann8@xinhuanet.com,Genderqueer,13.134.159.137
838,Grier,Gillopp,ggilloppn9@sohu.com,Female,219.21.136.127
839,Findlay,Onraet,fonraetna@hud.gov,Genderfluid,183.170.236.170
840,Eugenie,Dysert,edysertnb@tinypic.com,Male,164.207.49.143
841,Josefina,Josofovitz,jjosofovitznc@reddit.com,Male,218.86.140.127
842,Gerry,Sawart,gsawartnd@friendfeed.com,Agender,60.61.227.198
843,Keith,Stocky,kstockyne@irs.gov,Non-binary,222.115.169.150
844,Bronny,Keirl,bkeirlnf@ft.com,Bigender,143.82.246.99
845,Alex,Danilishin,adanilishinng@newsvine.com,Genderqueer,218.24.59.56
846,Annadiana,Flegg,afleggnh@aboutads.info,Bigender,196.21.39.24
847,Winnifred,Josuweit,wjosuweitni@wikispaces.com,Polygender,137.87.237.225
848,Cassaundra,Beldham,cbeldhamnj@weibo.com,Genderfluid,234.153.202.200
849,Charmian,Gockeler,cgockelernk@cdbaby.com,Polygender,83.206.247.249
850,Gusella,Duetschens,gduetschensnl@ucoz.ru,Male,104.8.194.81
851,Tyne,Gange,tgangenm@devhub.com,Non-binary,129.72.84.177
852,Godfree,Worboy,gworboynn@nature.com,Non-binary,190.131.174.57
853,Alwin,Rosen,arosenno@princeton.edu,Polygender,97.13.54.101
854,Maximilien,Creeber,mcreebernp@squidoo.com,Non-binary,184.151.166.92
855,Sergei,Oxe,soxenq@washington.edu,Bigender,46.241.91.255
856,Alfie,Braunton,abrauntonnr@last.fm,Non-binary,32.151.140.95
857,Zulema,Ondrusek,zondrusekns@newyorker.com,Agender,124.116.237.93
858,York,Samter,ysamternt@alibaba.com,Male,133.38.77.129
859,Sibylle,Menendez,smenendeznu@chicagotribune.com,Genderqueer,252.84.159.146
860,Cheston,Stormonth,cstormonthnv@posterous.com,Agender,105.160.13.251
861,Jory,Pauly,jpaulynw@shop-pro.jp,Female,42.64.54.236
862,Franklyn,Surgood,fsurgoodnx@imdb.com,Bigender,196.168.94.172
863,Cleve,Chesnay,cchesnayny@g.co,Polygender,41.66.221.188
864,Morgan,Hugnot,mhugnotnz@usda.gov,Genderfluid,179.67.207.45
865,Godfrey,Owain,gowaino0@huffingtonpost.com,Male,167.20.81.152
866,Liam,Isack,lisacko1@tinyurl.com,Male,249.222.245.184
867,Michaelina,Sellek,mselleko2@mayoclinic.com,Polygender,102.61.132.251
868,Mohammed,Seyler,mseylero3@amazon.de,Bigender,181.79.23.17
869,Mariejeanne,Fayter,mfaytero4@theatlantic.com,Female,243.40.115.211
870,Henrietta,Liquorish,hliquorisho5@about.me,Polygender,161.19.217.149
871,Maxie,Neal,mnealo6@theguardian.com,Non-binary,185.78.252.220
872,Lusa,Ellett,lelletto7@google.com.br,Non-binary,4.152.87.228
873,Dacia,Bouldon,dbouldono8@squarespace.com,Non-binary,204.62.149.232
874,Tallia,Kubicek,tkubiceko9@un.org,Agender,55.220.151.13
875,Sigvard,Chadbourn,schadbournoa@mapquest.com,Male,251.117.251.186
876,Byram,Serjeant,bserjeantob@rediff.com,Genderfluid,222.21.141.201
877,Rey,Trevaskus,rtrevaskusoc@tinypic.com,Male,223.238.46.74
878,Di,Dunnet,ddunnetod@tuttocitta.it,Genderqueer,74.111.236.78
879,Josee,Barbie,jbarbieoe@flickr.com,Genderqueer,203.111.195.202
880,Simmonds,Dicker,sdickerof@sakura.ne.jp,Genderfluid,55.224.117.48
881,Ambrosio,Keuning,akeuningog@amazon.de,Non-binary,30.208.240.115
882,Nealson,Kibbee,nkibbeeoh@flickr.com,Polygender,27.226.136.233
883,Isak,Alway,ialwayoi@posterous.com,Non-binary,143.243.130.75
884,Jameson,Banbridge,jbanbridgeoj@sfgate.com,Bigender,75.83.178.200
885,Martin,Chitham,mchithamok@unc.edu,Male,87.6.224.35
886,Colan,Parkin,cparkinol@dropbox.com,Agender,206.242.227.211
887,Creight,Oene,coeneom@ifeng.com,Polygender,68.27.95.109
888,Goldarina,Anglim,ganglimon@vimeo.com,Female,39.245.9.25
889,Norri,Tallet,ntalletoo@pcworld.com,Genderfluid,55.215.90.175
890,Ebenezer,Cottey,ecotteyop@economist.com,Polygender,211.94.243.207
891,Mitzi,Fortnon,mfortnonoq@homestead.com,Genderfluid,82.142.154.96
892,Wini,Hamer,whameror@huffingtonpost.com,Female,0.196.230.148
893,Zsazsa,Birtley,zbirtleyos@nydailynews.com,Polygender,172.243.244.149
894,Quinton,Gleaves,qgleavesot@about.me,Genderqueer,6.221.231.44
895,Frasquito,Tizzard,ftizzardou@cam.ac.uk,Bigender,140.78.185.82
896,Langston,Bywaters,lbywatersov@fema.gov,Genderfluid,236.248.185.130
897,Nowell,Kalewe,nkaleweow@mashable.com,Non-binary,172.175.223.227
898,Beatrice,Merrgan,bmerrganox@exblog.jp,Non-binary,165.195.132.182
899,Ariella,Tollmache,atollmacheoy@washington.edu,Polygender,175.75.0.92
900,Kelley,Joskowicz,kjoskowiczoz@bing.com,Polygender,241.156.136.234
901,Brenna,Withams,bwithamsp0@wired.com,Agender,112.255.113.62
902,Rudyard,Gantley,rgantleyp1@myspace.com,Bigender,128.19.206.61
903,Mikaela,Lovett,mlovettp2@rakuten.co.jp,Agender,224.71.1.55
904,Nevil,Bathoe,nbathoep3@4shared.com,Female,226.32.5.59
905,Niki,McQuaid,nmcquaidp4@mac.com,Polygender,47.27.128.176
906,Orran,Gauld,ogauldp5@weebly.com,Bigender,97.10.234.70
907,Sabra,McCathay,smccathayp6@surveymonkey.com,Polygender,21.57.94.166
908,Gerome,Bigadike,gbigadikep7@exblog.jp,Non-binary,132.184.108.101
909,Thea,Dureden,tduredenp8@free.fr,Male,177.154.201.174
910,Fredra,Mordin,fmordinp9@51.la,Bigender,25.106.99.129
911,Livvy,Baffin,lbaffinpa@newsvine.com,Bigender,121.153.28.192
912,Kin,Petrus,kpetruspb@vk.com,Bigender,116.85.225.95
913,Charlie,Longstaff,clongstaffpc@epa.gov,Bigender,81.163.99.181
914,Lucien,Chaff,lchaffpd@flickr.com,Polygender,185.239.21.67
915,Romeo,Gantlett,rgantlettpe@paypal.com,Agender,238.32.33.195
916,Rodolfo,Pantecost,rpantecostpf@amazon.de,Agender,141.118.40.248
917,Eldridge,Barkworth,ebarkworthpg@surveymonkey.com,Genderqueer,72.115.119.130
918,Arte,Klimsch,aklimschph@upenn.edu,Female,232.142.244.202
919,Batsheva,Kristiansen,bkristiansenpi@fotki.com,Bigender,31.149.79.118
920,Stearn,Ireland,sirelandpj@intel.com,Female,241.159.141.193
921,Evered,Pergens,epergenspk@indiatimes.com,Female,181.125.173.237
922,Lexi,Crop,lcroppl@goo.gl,Polygender,43.242.19.226
923,Alicea,Frearson,afrearsonpm@answers.com,Female,213.249.222.202
924,Geordie,Barttrum,gbarttrumpn@sakura.ne.jp,Polygender,116.144.254.151
925,Adham,Hambright,ahambrightpo@parallels.com,Female,241.233.99.106
926,Nicoline,Visco,nviscopp@springer.com,Polygender,148.182.105.209
927,Minette,Grimestone,mgrimestonepq@omniture.com,Male,60.115.145.41
928,Phedra,Keeton,pkeetonpr@dell.com,Female,82.112.192.221
929,Bennett,Camamill,bcamamillps@ca.gov,Male,118.62.194.227
930,Titus,Galvin,tgalvinpt@globo.com,Genderfluid,137.135.53.239
931,Norman,Coulson,ncoulsonpu@twitter.com,Genderqueer,108.110.110.210
932,Fremont,Muckle,fmucklepv@sbwire.com,Bigender,223.92.195.30
933,Brita,Lambillion,blambillionpw@europa.eu,Bigender,192.175.142.183
934,Alfonse,Nind,anindpx@booking.com,Genderfluid,156.244.30.15
935,Kennie,Squirrel,ksquirrelpy@hostgator.com,Non-binary,16.82.36.101
936,Malena,Donaher,mdonaherpz@twitter.com,Bigender,216.146.13.25
937,Bernadene,Hickisson,bhickissonq0@squarespace.com,Bigender,81.53.91.240
938,Sallyanne,O'Dunneen,sodunneenq1@cafepress.com,Genderfluid,144.130.30.8
939,Shelbi,Wisniewski,swisniewskiq2@cpanel.net,Genderfluid,208.95.142.84
940,Nevins,Elbourne,nelbourneq3@reference.com,Polygender,169.180.15.195
941,Barry,Reuss,breussq4@opera.com,Female,13.127.165.190
942,Araldo,Eveque,aevequeq5@infoseek.co.jp,Non-binary,226.195.199.54
943,Fernando,Calverd,fcalverdq6@tripadvisor.com,Genderqueer,138.197.156.76
944,Teodor,Guidotti,tguidottiq7@shop-pro.jp,Non-binary,120.114.38.4
945,Cris,Kembrey,ckembreyq8@cpanel.net,Female,128.134.74.22
946,Emily,Heditch,eheditchq9@storify.com,Genderqueer,83.3.241.95
947,Natalee,Dragoe,ndragoeqa@elegantthemes.com,Genderqueer,79.156.235.168
948,Tim,Hort,thortqb@eventbrite.com,Female,151.86.179.100
949,Liz,Czapla,lczaplaqc@elegantthemes.com,Male,166.45.146.59
950,Carlie,Rediers,crediersqd@skype.com,Genderqueer,15.229.149.249
951,Shell,Garatty,sgarattyqe@abc.net.au,Non-binary,149.159.21.7
952,Reid,Foreman,rforemanqf@npr.org,Female,238.92.64.195
953,Brina,Stollhofer,bstollhoferqg@opera.com,Agender,35.50.192.98
954,Edith,Oene,eoeneqh@hc360.com,Genderqueer,160.51.184.15
955,Toby,Wicklin,twicklinqi@diigo.com,Agender,168.65.182.13
956,Laurella,Scudders,lscuddersqj@twitter.com,Female,46.55.141.173
957,Bette,Gheraldi,bgheraldiqk@canalblog.com,Non-binary,207.54.26.144
958,Sheryl,Playhill,splayhillql@prnewswire.com,Non-binary,56.106.73.253
959,Karalee,Brockelsby,kbrockelsbyqm@wordpress.org,Genderfluid,142.91.192.3
960,Sena,Wayne,swayneqn@netvibes.com,Genderqueer,70.63.139.130
961,Torry,Tayspell,ttayspellqo@reddit.com,Polygender,67.4.214.111
962,Alix,O'Shields,aoshieldsqp@mashable.com,Female,199.136.144.139
963,Obidiah,Danton,odantonqq@dedecms.com,Bigender,215.255.240.10
964,Dona,McDougal,dmcdougalqr@liveinternet.ru,Male,138.232.109.30
965,Gabriela,Larkkem,glarkkemqs@latimes.com,Genderqueer,154.119.91.35
966,Gretel,Maddyson,gmaddysonqt@comcast.net,Male,188.108.191.1
967,Franz,Fotherby,ffotherbyqu@discovery.com,Female,76.125.48.106
968,Marrilee,Lefley,mlefleyqv@senate.gov,Female,185.84.183.130
969,Olenolin,Aggott,oaggottqw@ameblo.jp,Non-binary,131.188.249.225
970,Vinny,Rippingall,vrippingallqx@angelfire.com,Female,203.107.47.196
971,Pennie,Puckrin,ppuckrinqy@fotki.com,Genderfluid,220.195.54.106
972,Rosy,MacNish,rmacnishqz@foxnews.com,Agender,162.179.181.19
973,Catherin,Rime,crimer0@constantcontact.com,Genderqueer,136.117.63.176
974,Katharyn,Streatley,kstreatleyr1@aboutads.info,Female,159.93.183.21
975,Neala,Cluelow,ncluelowr2@prlog.org,Bigender,7.218.66.249
976,Renado,Hearthfield,rhearthfieldr3@house.gov,Polygender,232.146.22.99
977,Jeane,Rangle,jrangler4@squarespace.com,Genderfluid,171.199.61.134
978,Zsa zsa,Lettice,zletticer5@businessweek.com,Polygender,119.127.64.166
979,Nancie,Clemas,nclemasr6@newyorker.com,Male,94.155.183.228
980,Whitney,Svanetti,wsvanettir7@usatoday.com,Polygender,70.16.174.14
981,Hildegaard,Elderton,heldertonr8@tinyurl.com,Genderqueer,83.112.246.112
982,Arlinda,Golby,agolbyr9@aboutads.info,Agender,121.139.140.38
983,Massimiliano,Lawrey,mlawreyra@free.fr,Genderfluid,9.66.39.187
984,Aldin,Vellden,avelldenrb@jimdo.com,Non-binary,12.87.39.72
985,Datha,Rackham,drackhamrc@shutterfly.com,Female,123.229.231.203
986,Gracia,Jorck,gjorckrd@hexun.com,Genderqueer,154.209.85.170
987,Cherie,Pillans,cpillansre@addthis.com,Genderfluid,149.16.86.236
988,Tuck,Baughen,tbaughenrf@sohu.com,Genderqueer,47.243.73.176
989,Kalinda,Annes,kannesrg@msn.com,Agender,209.55.86.202
990,Pernell,Satch,psatchrh@slate.com,Non-binary,185.102.7.209
991,Aeriell,Handforth,ahandforthri@multiply.com,Female,183.154.229.30
992,Sherri,Gutierrez,sgutierrezrj@ning.com,Genderqueer,204.178.114.5
993,Babette,Serris,bserrisrk@narod.ru,Male,120.127.169.175
994,Morgana,Halton,mhaltonrl@shinystat.com,Bigender,69.23.24.117
995,Lynn,Elmhurst,lelmhurstrm@4shared.com,Genderfluid,54.213.185.62
996,Edi,Giblett,egiblettrn@cisco.com,Agender,250.202.24.112
997,Ganny,Naire,gnairero@cnet.com,Non-binary,79.83.149.15
998,Hewet,Stedell,hstedellrp@elpais.com,Genderqueer,149.146.166.181
999,Marjory,Boniface,mbonifacerq@virginia.edu,Genderqueer,111.23.151.119
1000,Lorianna,Evitts,levittsrr@nbcnews.com,Female,84.220.163.226
